-- phpMyAdmin SQL Dump
-- version 5.0.3
-- https://www.phpmyadmin.net/
--
-- Host: 127.0.0.1
-- Generation Time: May 08, 2021 at 12:51 AM
-- Server version: 10.4.14-MariaDB
-- PHP Version: 7.2.34

SET SQL_MODE = "NO_AUTO_VALUE_ON_ZERO";
START TRANSACTION;
SET time_zone = "+00:00";


/*!40101 SET @OLD_CHARACTER_SET_CLIENT=@@CHARACTER_SET_CLIENT */;
/*!40101 SET @OLD_CHARACTER_SET_RESULTS=@@CHARACTER_SET_RESULTS */;
/*!40101 SET @OLD_COLLATION_CONNECTION=@@COLLATION_CONNECTION */;
/*!40101 SET NAMES utf8mb4 */;

--
-- Database: `rent_management`
--

-- --------------------------------------------------------

--
-- Table structure for table `admin`
--

CREATE TABLE `admin` (
  `superuser` char(32) NOT NULL,
  `password` char(32) NOT NULL
) ENGINE=InnoDB DEFAULT CHARSET=utf8mb4;

--
-- Dumping data for table `admin`
--

INSERT INTO `admin` (`superuser`, `password`) VALUES
('togh@yrwzoaksz.com', 'superuser'),
('ypidu@pzbe.com', 'superuser');

-- --------------------------------------------------------

--
-- Table structure for table `flats`
--

CREATE TABLE `flats` (
  `flat_no` int(11) NOT NULL,
  `owner_id` int(10) UNSIGNED NOT NULL,
  `rent` bigint(20) UNSIGNED NOT NULL DEFAULT 0
) ENGINE=InnoDB DEFAULT CHARSET=utf8mb4;

--
-- Dumping data for table `flats`
--

INSERT INTO `flats` (`flat_no`, `owner_id`, `rent`) VALUES
(1, 107, 73114693),
(2, 101, 90144762),
(3, 104, 49682259),
(4, 104, 98587693),
(5, 102, 85712404),
(6, 100, 5000),
(7, 103, 22815793),
(8, 106, 7479382),
(9, 109, 74315771),
(10, 107, 94958327),
(11, 100, 5000),
(12, 101, 69165537),
(13, 109, 85169089),
(14, 101, 5674714),
(15, 109, 40828509),
(16, 105, 35238879),
(17, 109, 99368664),
(18, 109, 56194533),
(19, 109, 47598454),
(20, 104, 4941147),
(21, 103, 58227236),
(22, 109, 85124296),
(23, 103, 22867383),
(24, 101, 15318586),
(25, 102, 96392228),
(26, 103, 23262564),
(27, 105, 61664165),
(28, 108, 60889540),
(29, 101, 24761899),
(30, 105, 83936008),
(31, 107, 68899538),
(32, 105, 79765714),
(33, 106, 12372421),
(34, 100, 10757452),
(35, 101, 3276379),
(36, 107, 93266264),
(37, 103, 26682692),
(38, 106, 55440753),
(39, 101, 22726714),
(40, 108, 14286540),
(41, 106, 5062722),
(42, 104, 13092606),
(43, 108, 5792581),
(44, 100, 46031019),
(45, 100, 46795273),
(46, 108, 25311429),
(47, 105, 78934239),
(48, 100, 77192562),
(49, 107, 34529328),
(50, 107, 72458726),
(51, 101, 88440715),
(52, 102, 42257789),
(53, 104, 16877926),
(54, 100, 15628413),
(55, 105, 17433951),
(56, 106, 56341069),
(57, 105, 9731759),
(58, 109, 16124780),
(59, 102, 63399340),
(60, 102, 52797217),
(61, 106, 2863839),
(62, 101, 55669927),
(63, 101, 59741769),
(64, 100, 48835702),
(65, 100, 90529485),
(66, 106, 4096635),
(67, 101, 46057738),
(68, 104, 39456777),
(69, 101, 80019729),
(70, 104, 32942844),
(71, 105, 66130497),
(72, 101, 73252647),
(73, 109, 70505201),
(74, 101, 53148981),
(75, 102, 96581),
(76, 102, 94964400),
(77, 103, 36011424),
(78, 108, 62969638),
(79, 102, 17798499),
(80, 104, 49158108),
(81, 104, 90995374),
(82, 109, 28246173),
(83, 102, 74029771),
(84, 105, 26981179),
(85, 108, 64747045),
(86, 103, 81347024),
(87, 100, 53194867),
(88, 102, 3682641),
(89, 105, 61718705),
(90, 101, 17367614),
(91, 106, 10848088),
(92, 102, 58428760),
(93, 101, 38888385),
(94, 109, 86591984),
(95, 106, 52641708),
(96, 105, 89918009),
(97, 109, 88393097),
(98, 109, 30753307),
(99, 102, 37405274),
(100, 102, 41397062),
(101, 103, 73921140),
(102, 103, 87290753),
(103, 104, 90394174),
(104, 108, 26902176),
(105, 103, 32731794),
(106, 102, 90585182),
(107, 104, 65187171),
(108, 100, 6897945),
(109, 105, 21674593),
(110, 101, 32066407),
(111, 109, 98278866),
(112, 106, 95958060),
(113, 106, 55209271),
(114, 102, 2119865),
(115, 109, 59104547),
(116, 103, 97730445),
(117, 105, 56181391),
(118, 102, 25880701),
(119, 104, 10051236),
(120, 101, 53151652),
(121, 104, 15987553),
(122, 101, 22288467),
(123, 103, 55950206),
(124, 105, 56723213),
(125, 107, 39768031),
(126, 104, 61185725),
(127, 109, 80612581),
(128, 100, 42635170),
(129, 102, 34393528),
(130, 103, 66779051),
(131, 101, 39161068),
(132, 102, 67619766),
(133, 105, 82266693),
(134, 108, 17441076),
(135, 105, 99227325),
(136, 101, 20640839),
(137, 105, 32337940),
(138, 105, 21617375),
(139, 107, 1525765),
(140, 105, 70872206),
(141, 106, 31239016),
(142, 103, 7512109),
(143, 102, 40881131),
(144, 104, 24890922),
(145, 102, 12066638),
(146, 106, 50261579),
(147, 107, 52478451),
(148, 101, 1608980),
(149, 102, 56102492),
(150, 106, 74464920),
(151, 109, 24920528),
(152, 109, 49189649),
(153, 108, 43634731),
(154, 107, 12226375),
(155, 108, 51619393),
(156, 100, 22042364),
(157, 101, 14050043),
(158, 104, 67273695),
(159, 106, 75114651),
(160, 103, 7962643),
(161, 100, 62494271),
(162, 106, 34252439),
(163, 106, 75103018),
(164, 103, 45581260),
(165, 102, 10653454),
(166, 109, 48956022),
(167, 108, 279732),
(168, 103, 509492),
(169, 107, 2586084),
(170, 108, 36573),
(171, 107, 46533997),
(172, 104, 74914939),
(173, 105, 93041266),
(174, 100, 15651814),
(175, 109, 39606940),
(176, 101, 9735077),
(177, 101, 15326378),
(178, 105, 49538286),
(179, 107, 89012022),
(180, 109, 1333354),
(181, 108, 38541747),
(182, 105, 30161466),
(183, 101, 41834246),
(184, 106, 95125280),
(185, 106, 49878742),
(186, 107, 3878423),
(187, 104, 79965881),
(188, 102, 37549659),
(189, 100, 26681595),
(190, 100, 98458851),
(191, 106, 72402875),
(192, 105, 64732708),
(193, 100, 95102191),
(194, 102, 56845450),
(195, 105, 15417473),
(196, 105, 81290538),
(197, 100, 7430951),
(198, 102, 42694804),
(199, 100, 67739032),
(200, 102, 35938048),
(201, 106, 8565837),
(202, 106, 99025037),
(203, 102, 15316377),
(204, 103, 31919999),
(205, 106, 3585413),
(206, 101, 49206716),
(207, 108, 80801471),
(208, 103, 19752684),
(209, 103, 83020854),
(210, 105, 65568568),
(211, 105, 26585594),
(212, 102, 7362216),
(213, 102, 10175596),
(214, 100, 95049841),
(215, 108, 87035578),
(216, 108, 88428198),
(217, 107, 25720339),
(218, 105, 23616153),
(219, 104, 5519117),
(220, 106, 33589094),
(221, 103, 78794937),
(222, 109, 81565964),
(223, 102, 44874556),
(224, 108, 11138381),
(225, 107, 50977684),
(226, 107, 40389860),
(227, 108, 86171909),
(228, 108, 3938131),
(229, 100, 99736323),
(230, 104, 28505059),
(231, 104, 29928376),
(232, 103, 67499377),
(233, 108, 11354124),
(234, 102, 97972690),
(235, 109, 66382944),
(236, 100, 30526256),
(237, 100, 19828180),
(238, 105, 7215521),
(239, 107, 87001073),
(240, 102, 73693589),
(241, 104, 17866037),
(242, 105, 45789006),
(243, 109, 68071946),
(244, 109, 35025206),
(245, 100, 58860666),
(246, 106, 16418663),
(247, 105, 69077051),
(248, 105, 80962968),
(249, 105, 24602665),
(250, 105, 6801967),
(251, 106, 53450409),
(252, 102, 51064135),
(253, 109, 12492554),
(254, 109, 29083037),
(255, 102, 57417006),
(256, 107, 31237317),
(257, 102, 78144833),
(258, 108, 78443661),
(259, 107, 3787572),
(260, 108, 35525009),
(261, 103, 54529472),
(262, 107, 63914245),
(263, 106, 81904087),
(264, 102, 79663218),
(265, 103, 57175350),
(266, 108, 94293511),
(267, 100, 92371933),
(268, 108, 10996491),
(269, 104, 76464096),
(270, 102, 59975867),
(271, 103, 85780933),
(272, 105, 18799232),
(273, 104, 52671666),
(274, 101, 37520598),
(275, 101, 8308955),
(276, 100, 86651849),
(277, 106, 27168929),
(278, 108, 57957084),
(279, 107, 3918195),
(280, 105, 64242977),
(281, 107, 64071425),
(282, 109, 22105526),
(283, 109, 12795575),
(284, 107, 29816609),
(285, 105, 40632310),
(286, 106, 16602691),
(287, 106, 48755196),
(288, 100, 86455715),
(289, 101, 11801567),
(290, 105, 82857463),
(291, 107, 34512142),
(292, 108, 85491488),
(293, 103, 64628235),
(294, 107, 17821057),
(295, 108, 23053308),
(296, 103, 98550079),
(297, 106, 91561555),
(298, 105, 40241952),
(299, 109, 35772421),
(300, 108, 66096311),
(301, 101, 28210654),
(302, 102, 38985723),
(303, 107, 3602719),
(304, 102, 34806550),
(305, 101, 20751392),
(306, 104, 31035165),
(307, 100, 6072266),
(308, 105, 58700478),
(309, 103, 10922869),
(310, 100, 95946190),
(311, 107, 65023189),
(312, 108, 79684332),
(313, 107, 52435029),
(314, 102, 20820174),
(315, 101, 64677612),
(316, 107, 22005626),
(317, 107, 1612620),
(318, 105, 85263591),
(319, 100, 37799419),
(320, 104, 32092227),
(321, 103, 57229811),
(322, 108, 39340897),
(323, 106, 78892386),
(324, 109, 70346136),
(325, 104, 59743524),
(326, 104, 79186822),
(327, 104, 19691671),
(328, 100, 14685147),
(329, 107, 98512563),
(330, 105, 4729343),
(331, 103, 29646985),
(332, 100, 66973056),
(333, 107, 17093472),
(334, 106, 51884798),
(335, 103, 84662259),
(336, 108, 62951884),
(337, 105, 51332952),
(338, 107, 27621759),
(339, 104, 81047935),
(340, 100, 73887126),
(341, 101, 82730622),
(342, 100, 40450404),
(343, 100, 58458523),
(344, 104, 53859777),
(345, 104, 40424755),
(346, 102, 11179326),
(347, 106, 35529347),
(348, 109, 30486481),
(349, 107, 39157589),
(350, 103, 69191841),
(351, 107, 54992935),
(352, 100, 58821863),
(353, 102, 97705650),
(354, 107, 88029029),
(355, 107, 81246814),
(356, 105, 58294681),
(357, 109, 42514491),
(358, 109, 90726912),
(359, 109, 92660940),
(360, 107, 30752194),
(361, 102, 64656145),
(362, 103, 60140289),
(363, 104, 63354366),
(364, 107, 14034693),
(365, 101, 64731442),
(366, 106, 22395940),
(367, 102, 34737172),
(368, 106, 59974891),
(369, 106, 89968318),
(370, 101, 32653054),
(371, 105, 35805091),
(372, 109, 38314440),
(373, 105, 40521141),
(374, 100, 81508896),
(375, 102, 22990657),
(376, 103, 58752589),
(377, 109, 97854909),
(378, 103, 57672886),
(379, 107, 75316091),
(380, 104, 72189549),
(381, 107, 7102184),
(382, 100, 47942393),
(383, 102, 98659643),
(384, 107, 59199897),
(385, 101, 27409473),
(386, 105, 29048754),
(387, 104, 64138338),
(388, 104, 38868916),
(389, 108, 49543683),
(390, 104, 7602147),
(391, 106, 29926679),
(392, 104, 34347486),
(393, 106, 68408176),
(394, 104, 94149091),
(395, 103, 73272110),
(396, 104, 12828738),
(397, 100, 89621886),
(398, 107, 55266557),
(399, 109, 90034539),
(400, 103, 77122440),
(401, 102, 43943848),
(402, 105, 73651773),
(403, 102, 2768590),
(404, 105, 23600586),
(405, 103, 81079356),
(406, 104, 60326992),
(407, 103, 55183665),
(408, 103, 97010494),
(409, 108, 15282969),
(410, 101, 5363647),
(411, 108, 60758299),
(412, 100, 66499202),
(413, 103, 99177378),
(414, 100, 23940455),
(415, 102, 16351724),
(416, 106, 19165772),
(417, 100, 9336149),
(418, 104, 53085221),
(419, 106, 87846925),
(420, 101, 17555606),
(421, 100, 37432199),
(422, 104, 81110208),
(423, 106, 24175898),
(424, 109, 95733678),
(425, 101, 94132781),
(426, 109, 46536138),
(427, 100, 58519239),
(428, 101, 74921151),
(429, 107, 49425725),
(430, 109, 26210011),
(431, 102, 11038557),
(432, 104, 64152526),
(433, 101, 52690448),
(434, 108, 43357082),
(435, 106, 16191673),
(436, 100, 74008153),
(437, 103, 98581323),
(438, 102, 65467573),
(439, 102, 59496911),
(440, 103, 12199561),
(441, 101, 30669753),
(442, 103, 29203699),
(443, 105, 23554220),
(444, 108, 48632718),
(445, 108, 3795319),
(446, 103, 24922895),
(447, 105, 11197302),
(448, 106, 34547013),
(449, 103, 58205167),
(450, 104, 96948217),
(451, 100, 34842253),
(452, 100, 35425391),
(453, 106, 93814836),
(454, 109, 67377035),
(455, 106, 35414718),
(456, 106, 90593739),
(457, 105, 71302506),
(458, 108, 71004327),
(459, 103, 21678902),
(460, 101, 43775246),
(461, 109, 8252613),
(462, 105, 96847023),
(463, 106, 1358191),
(464, 106, 98338171),
(465, 102, 83193726),
(466, 103, 67791002),
(467, 104, 9128621),
(468, 100, 38573061),
(469, 107, 8129378),
(470, 101, 54042493),
(471, 100, 23382686),
(472, 109, 24058126),
(473, 106, 81039571),
(474, 106, 8350841),
(475, 103, 3602565),
(476, 105, 8019179),
(477, 108, 83834468),
(478, 101, 31379647),
(479, 101, 73248101),
(480, 104, 52563121),
(481, 104, 48370790),
(482, 102, 24138591),
(483, 103, 19256370),
(484, 108, 13761697),
(485, 105, 73395267),
(486, 101, 61048235),
(487, 105, 78566021),
(488, 107, 47784838),
(489, 103, 38658464),
(490, 105, 21995452),
(491, 106, 34521026),
(492, 107, 45630599),
(493, 100, 28946119),
(494, 108, 54647095),
(495, 109, 51574841),
(496, 103, 38471342),
(497, 101, 50404148),
(498, 106, 99324806),
(499, 100, 35407415),
(500, 104, 28233467),
(502, 109, 99999),
(503, 109, 99999),
(504, 109, 99999),
(506, 109, 12345),
(507, 109, 12345),
(508, 109, 444444),
(509, 109, 789456);

-- --------------------------------------------------------

--
-- Table structure for table `house_owner`
--

CREATE TABLE `house_owner` (
  `owner_id` int(10) UNSIGNED NOT NULL,
  `email` char(32) NOT NULL,
  `password` char(32) NOT NULL DEFAULT 'password',
  `name` varchar(100) NOT NULL,
  `phone_number` char(15) NOT NULL
) ENGINE=InnoDB DEFAULT CHARSET=utf8mb4;

--
-- Dumping data for table `house_owner`
--

INSERT INTO `house_owner` (`owner_id`, `email`, `password`, `name`, `phone_number`) VALUES
(100, 'qkbqs@eoxm.org', 'owner', 'Stephen Cisneros', '872-487-5465'),
(101, 'hpbt@wlavbs.org', 'owner', 'Abraham Blackburn', '341-424-7443'),
(102, 'efar@mddf.com', 'owner', 'Charlotte Byrd', '781-258-5815'),
(103, 'owner@abc.com', 'owner', 'Lynn Miles', '435-544-8675'),
(104, 'oyjh@doma.com', 'owner', 'Erich Ingram', '093-838-3460'),
(105, 'unjl@erxsc.org', 'owner', 'Dominick Neal', '941-467-3434'),
(106, 'miulbd@ynqs.com', 'owner', 'Cherie White', '737-827-4316'),
(107, 'ughq@ejog.bd', 'owner', 'Ebony Daniels', '786-281-5474'),
(108, 'vywuv@ihcoh.bd', 'owner', 'Arthur Barrera', '245-479-3688'),
(109, 'vofz@wvtf.com', 'owner', 'Debra Middleton', '438-324-1225'),
(110, 'owner@mno.com', 'owner', 'TEST', 'TEST'),
(111, 'owner@gmail.com', 'owner', 'NUR UZ ZAMAN', '+8801924825009'),
(112, 'owner@asdasd.com', 'owner', 'NUR UZ ZAMAN', '+8801924825009');

-- --------------------------------------------------------

--
-- Table structure for table `lives_in`
--

CREATE TABLE `lives_in` (
  `flat_no` int(11) NOT NULL,
  `renter_id` int(11) DEFAULT NULL
) ENGINE=InnoDB DEFAULT CHARSET=utf8mb4;

--
-- Dumping data for table `lives_in`
--

INSERT INTO `lives_in` (`flat_no`, `renter_id`) VALUES
(2, NULL),
(9, NULL),
(11, NULL),
(12, NULL),
(19, NULL),
(46, NULL),
(50, NULL),
(70, NULL),
(75, NULL),
(90, NULL),
(96, NULL),
(98, NULL),
(104, NULL),
(117, NULL),
(128, NULL),
(144, NULL),
(154, NULL),
(169, NULL),
(177, NULL),
(183, NULL),
(207, NULL),
(224, NULL),
(243, NULL),
(245, NULL),
(251, NULL),
(253, NULL),
(254, NULL),
(283, NULL),
(298, NULL),
(311, NULL),
(315, NULL),
(316, NULL),
(321, NULL),
(329, NULL),
(331, NULL),
(338, NULL),
(349, NULL),
(361, NULL),
(371, NULL),
(375, NULL),
(403, NULL),
(413, NULL),
(416, NULL),
(419, NULL),
(422, NULL),
(431, NULL),
(448, NULL),
(449, NULL),
(458, NULL),
(472, NULL),
(474, NULL),
(482, NULL),
(487, NULL),
(490, NULL),
(504, NULL),
(506, NULL),
(127, 1),
(354, 1),
(498, 2),
(47, 3),
(65, 3),
(111, 3),
(112, 3),
(374, 3),
(425, 3),
(462, 3),
(21, 4),
(86, 4),
(348, 4),
(393, 4),
(233, 5),
(62, 6),
(72, 6),
(433, 6),
(63, 7),
(121, 7),
(208, 8),
(41, 9),
(244, 9),
(276, 9),
(326, 9),
(467, 9),
(159, 10),
(280, 10),
(59, 11),
(158, 11),
(165, 11),
(230, 11),
(380, 11),
(438, 11),
(34, 12),
(135, 12),
(382, 12),
(385, 12),
(500, 12),
(477, 13),
(480, 13),
(102, 14),
(157, 15),
(260, 15),
(287, 15),
(327, 15),
(388, 15),
(74, 16),
(330, 17),
(486, 17),
(264, 18),
(360, 18),
(407, 18),
(303, 19),
(317, 19),
(241, 20),
(367, 20),
(460, 20),
(122, 21),
(237, 21),
(406, 21),
(456, 21),
(120, 22),
(216, 22),
(255, 22),
(357, 22),
(71, 23),
(109, 24),
(384, 24),
(399, 24),
(409, 24),
(464, 24),
(105, 25),
(110, 25),
(163, 25),
(99, 26),
(167, 26),
(461, 26),
(64, 27),
(404, 27),
(297, 28),
(269, 29),
(426, 30),
(453, 30),
(153, 31),
(265, 31),
(325, 32),
(411, 32),
(494, 32),
(130, 33),
(214, 33),
(421, 33),
(459, 34),
(38, 35),
(235, 35),
(248, 35),
(344, 35),
(231, 36),
(259, 36),
(437, 36),
(143, 37),
(457, 38),
(296, 39),
(134, 40),
(166, 40),
(220, 40),
(223, 40),
(307, 40),
(136, 41),
(256, 41),
(434, 41),
(452, 41),
(100, 42),
(212, 42),
(473, 42),
(36, 43),
(131, 44),
(118, 45),
(232, 45),
(368, 46),
(420, 46),
(440, 46),
(32, 47),
(189, 47),
(318, 48),
(387, 48),
(132, 49),
(451, 49),
(454, 49),
(89, 50),
(28, 51),
(83, 51),
(94, 51),
(160, 51),
(168, 51),
(205, 51),
(103, 52),
(247, 56),
(483, 56),
(178, 57),
(204, 57),
(468, 57),
(485, 57),
(142, 58),
(499, 58),
(87, 59),
(358, 59),
(432, 59),
(67, 60),
(14, 61),
(140, 61),
(180, 63),
(184, 63),
(366, 63),
(145, 64),
(226, 64),
(372, 64),
(394, 64),
(397, 64),
(427, 64),
(18, 65),
(42, 65),
(57, 65),
(355, 65),
(115, 66),
(171, 66),
(319, 66),
(20, 69),
(412, 69),
(51, 70),
(417, 70),
(43, 71),
(187, 72),
(202, 72),
(312, 72),
(353, 72),
(39, 73),
(56, 73),
(291, 73),
(391, 73),
(31, 74),
(308, 74),
(455, 74),
(203, 75),
(398, 75),
(346, 76),
(116, 78),
(222, 78),
(175, 79),
(217, 79),
(301, 79),
(335, 79),
(465, 79),
(352, 80),
(439, 80),
(277, 81),
(55, 82),
(435, 82),
(23, 83),
(210, 83),
(29, 84),
(495, 85),
(80, 86),
(215, 86),
(430, 86),
(497, 86),
(285, 87),
(378, 87),
(6, 88),
(206, 88),
(310, 88),
(428, 88),
(16, 90),
(52, 90),
(334, 90),
(381, 91),
(484, 91),
(442, 92),
(192, 93),
(489, 93),
(3, 94),
(337, 94),
(81, 95),
(8, 96),
(44, 97),
(282, 97),
(333, 97),
(364, 98),
(339, 99),
(156, 100),
(234, 100),
(278, 100),
(295, 100),
(405, 100),
(441, 100),
(123, 101),
(377, 101),
(170, 102),
(258, 102),
(263, 102),
(293, 102),
(262, 103),
(332, 103),
(342, 104),
(363, 104),
(40, 105),
(107, 105),
(395, 105),
(415, 106),
(53, 107),
(91, 107),
(227, 108),
(1, 109),
(60, 109),
(294, 109),
(379, 110),
(173, 111),
(252, 111),
(475, 111),
(7, 112),
(240, 112),
(61, 113),
(345, 113),
(246, 115),
(445, 115),
(79, 116),
(181, 117),
(249, 118),
(383, 119),
(155, 120),
(5, 121),
(347, 121),
(447, 121),
(22, 124),
(194, 124),
(476, 124),
(341, 125),
(229, 126),
(281, 127),
(300, 127),
(101, 128),
(146, 128),
(369, 128),
(137, 129),
(176, 129),
(250, 129),
(488, 130),
(195, 131),
(196, 131),
(336, 131),
(141, 132),
(161, 132),
(211, 132),
(429, 132),
(481, 132),
(95, 133),
(124, 133),
(272, 133),
(299, 133),
(45, 135),
(76, 136),
(370, 138),
(493, 138),
(48, 139),
(185, 139),
(164, 140),
(340, 140),
(267, 141),
(268, 141),
(463, 141),
(58, 142),
(162, 142),
(190, 142),
(228, 143),
(284, 143),
(201, 144),
(322, 144),
(386, 144),
(466, 145),
(450, 146),
(362, 147),
(4, 148),
(15, 148),
(88, 148),
(119, 148),
(236, 148),
(496, 148),
(444, 149),
(114, 150),
(401, 150),
(68, 151),
(92, 151),
(149, 151),
(261, 151),
(85, 152),
(129, 154),
(10, 155),
(66, 155),
(125, 155),
(270, 155),
(290, 155),
(77, 156),
(309, 156),
(314, 156),
(33, 158),
(148, 158),
(151, 158),
(306, 158),
(108, 159),
(350, 159),
(197, 160),
(356, 160),
(390, 160),
(470, 161),
(97, 162),
(305, 163),
(396, 163),
(179, 164),
(491, 164),
(238, 165),
(400, 165),
(186, 166),
(373, 167),
(410, 167),
(209, 168),
(302, 168),
(69, 170),
(139, 170),
(219, 170),
(37, 171),
(225, 171),
(286, 171),
(275, 172),
(304, 172),
(313, 172),
(343, 172),
(478, 172),
(147, 174),
(152, 174),
(436, 174),
(365, 175),
(323, 176),
(30, 177),
(78, 178),
(351, 178),
(414, 178),
(24, 179),
(174, 179),
(274, 179),
(126, 180),
(213, 180),
(392, 180),
(27, 181),
(35, 181),
(423, 181),
(26, 182),
(193, 182),
(106, 183),
(84, 184),
(113, 184),
(239, 184),
(266, 184),
(288, 184),
(320, 184),
(13, 185),
(376, 185),
(82, 186),
(446, 186),
(150, 187),
(359, 188),
(49, 189),
(138, 189),
(273, 190),
(328, 190),
(257, 191),
(389, 191),
(469, 191),
(172, 192),
(418, 192),
(54, 194),
(182, 194),
(200, 194),
(221, 194),
(279, 194),
(188, 195),
(198, 195),
(133, 196),
(242, 196),
(292, 196),
(402, 196),
(324, 197),
(443, 198),
(471, 198),
(17, 199),
(73, 199),
(199, 199),
(289, 199),
(408, 199),
(271, 200);

-- --------------------------------------------------------

--
-- Table structure for table `payment`
--

CREATE TABLE `payment` (
  `owner_id` int(10) UNSIGNED NOT NULL,
  `renter_id` int(11) NOT NULL,
  `pmt_amount` bigint(20) NOT NULL,
  `pmt_date` date NOT NULL
) ENGINE=InnoDB DEFAULT CHARSET=utf8mb4;

--
-- Dumping data for table `payment`
--

INSERT INTO `payment` (`owner_id`, `renter_id`, `pmt_amount`, `pmt_date`) VALUES
(100, 3, 63354366, '2019-05-06'),
(100, 7, 87290753, '2020-03-06'),
(100, 11, 73887126, '2018-04-04'),
(100, 16, 83936008, '2021-04-04'),
(100, 17, 56194533, '2019-05-02'),
(100, 19, 97854909, '2021-04-03'),
(100, 21, 98550079, '2019-04-03'),
(100, 21, 29646985, '2020-03-03'),
(100, 24, 38888385, '2021-05-02'),
(100, 26, 10922869, '2018-04-06'),
(100, 27, 6801967, '2018-03-04'),
(100, 27, 66130497, '2018-05-01'),
(100, 32, 80962968, '2021-03-06'),
(100, 36, 52478451, '2019-05-02'),
(100, 36, 7102184, '2021-04-04'),
(100, 39, 37520598, '2018-05-05'),
(100, 43, 3938131, '2019-05-01'),
(100, 49, 81246814, '2019-05-02'),
(100, 52, 67619766, '2021-04-09'),
(100, 54, 37799419, '2018-04-02'),
(100, 56, 4096635, '2020-04-09'),
(100, 60, 12066638, '2021-05-06'),
(100, 65, 40450404, '2020-05-06'),
(100, 69, 61048235, '2021-04-02'),
(100, 77, 81347024, '2021-05-04'),
(100, 84, 73651773, '2019-04-08'),
(100, 87, 47942393, '2018-05-08'),
(100, 91, 74464920, '2019-04-04'),
(100, 91, 50261579, '2021-04-06'),
(100, 94, 8252613, '2021-04-09'),
(100, 102, 19691671, '2019-04-04'),
(100, 104, 60889540, '2019-04-05'),
(100, 109, 23554220, '2020-05-03'),
(100, 112, 31237317, '2018-03-03'),
(100, 112, 72458726, '2018-05-03'),
(100, 112, 3787572, '2021-04-05'),
(100, 121, 61664165, '2020-04-07'),
(100, 124, 8350841, '2018-03-08'),
(100, 127, 70505201, '2018-03-09'),
(100, 132, 19256370, '2020-04-02'),
(100, 132, 57229811, '2021-03-08'),
(100, 133, 24175898, '2019-04-09'),
(100, 136, 40881131, '2019-04-05'),
(100, 136, 63399340, '2021-04-04'),
(100, 137, 72402875, '2020-04-05'),
(100, 138, 55440753, '2018-05-05'),
(100, 139, 22005626, '2019-04-05'),
(100, 146, 46533997, '2021-05-09'),
(100, 148, 10653454, '2018-03-04'),
(100, 150, 50977684, '2021-03-04'),
(100, 154, 60758299, '2018-04-06'),
(100, 155, 66096311, '2021-04-03'),
(100, 166, 39606940, '2018-04-08'),
(100, 167, 279732, '2019-05-05'),
(100, 168, 65187171, '2021-05-02'),
(100, 175, 95733678, '2021-05-03'),
(100, 178, 95958060, '2019-04-08'),
(100, 182, 33589094, '2019-05-05'),
(100, 182, 16602691, '2020-05-08'),
(100, 183, 58428760, '2019-04-05'),
(100, 194, 58205167, '2019-03-05'),
(100, 198, 83020854, '2018-04-02'),
(101, 1, 17093472, '2018-03-08'),
(101, 5, 34737172, '2019-04-06'),
(101, 14, 11801567, '2021-04-06'),
(101, 17, 48956022, '2019-03-03'),
(101, 24, 53151652, '2018-05-01'),
(101, 26, 58752589, '2021-03-06'),
(101, 35, 50404148, '2020-05-08'),
(101, 41, 27168929, '2019-04-08'),
(101, 48, 23382686, '2020-05-06'),
(101, 51, 22288467, '2020-04-02'),
(101, 56, 34547013, '2018-04-03'),
(101, 57, 29048754, '2020-04-06'),
(101, 64, 53194867, '2019-04-06'),
(101, 72, 46057738, '2021-05-02'),
(101, 76, 73693589, '2021-03-05'),
(101, 77, 99177378, '2018-04-04'),
(101, 81, 4941147, '2021-04-06'),
(101, 83, 52797217, '2020-04-07'),
(101, 83, 44874556, '2021-05-01'),
(101, 84, 9731759, '2021-05-08'),
(101, 85, 43357082, '2020-04-03'),
(101, 86, 12199561, '2019-04-07'),
(101, 90, 1608980, '2020-03-03'),
(101, 91, 34521026, '2018-03-03'),
(101, 93, 8308955, '2020-04-02'),
(101, 100, 96392228, '2021-03-04'),
(101, 103, 10051236, '2020-03-02'),
(101, 113, 52435029, '2018-05-04'),
(101, 114, 509492, '2019-04-02'),
(101, 123, 53085221, '2021-04-02'),
(101, 130, 31035165, '2020-04-04'),
(101, 136, 24138591, '2018-03-06'),
(101, 156, 98458851, '2021-05-06'),
(101, 171, 83834468, '2018-03-04'),
(101, 172, 85263591, '2020-05-05'),
(101, 174, 37432199, '2021-05-06'),
(101, 182, 48755196, '2020-04-08'),
(101, 183, 2768590, '2020-05-07'),
(101, 189, 66973056, '2018-04-05'),
(101, 194, 22867383, '2021-04-02'),
(101, 196, 12372421, '2018-05-08'),
(101, 196, 7479382, '2020-05-04'),
(102, 1, 93266264, '2019-04-03'),
(102, 6, 38573061, '2020-04-07'),
(102, 14, 64677612, '2018-03-06'),
(102, 14, 17367614, '2020-03-04'),
(102, 20, 29928376, '2018-05-07'),
(102, 21, 19752684, '2019-04-01'),
(102, 23, 73921140, '2021-05-07'),
(102, 25, 64656145, '2018-04-01'),
(102, 27, 21995452, '2020-05-02'),
(102, 29, 41834246, '2019-04-04'),
(102, 30, 73395267, '2018-04-03'),
(102, 36, 54992935, '2019-04-03'),
(102, 39, 64731442, '2021-03-09'),
(102, 47, 40241952, '2020-04-07'),
(102, 50, 65023189, '2018-04-08'),
(102, 58, 26210011, '2019-05-04'),
(102, 65, 10757452, '2020-04-03'),
(102, 67, 69165537, '2018-04-02'),
(102, 67, 49206716, '2020-04-01'),
(102, 67, 74921151, '2021-05-03'),
(102, 69, 20751392, '2020-04-08'),
(102, 79, 11179326, '2019-05-03'),
(102, 79, 43943848, '2020-04-04'),
(102, 81, 32942844, '2020-05-02'),
(102, 84, 64242977, '2020-04-08'),
(102, 86, 57672886, '2019-04-09'),
(102, 87, 95946190, '2020-03-05'),
(102, 92, 35938048, '2018-04-02'),
(102, 96, 89918009, '2018-03-06'),
(102, 101, 58227236, '2020-04-06'),
(102, 103, 61185725, '2018-03-09'),
(102, 105, 60326992, '2019-03-08'),
(102, 108, 66499202, '2018-05-03'),
(102, 109, 61718705, '2021-04-05'),
(102, 115, 42514491, '2019-03-03'),
(102, 116, 49682259, '2018-04-02'),
(102, 120, 31379647, '2018-05-03'),
(102, 123, 72189549, '2021-05-04'),
(102, 131, 28210654, '2019-05-03'),
(102, 161, 89621886, '2019-03-07'),
(102, 163, 25720339, '2020-05-05'),
(102, 165, 97010494, '2020-03-03'),
(102, 165, 67499377, '2021-04-03'),
(102, 168, 40424755, '2019-03-08'),
(102, 170, 86171909, '2021-05-06'),
(102, 172, 81290538, '2018-05-04'),
(102, 178, 75114651, '2018-05-06'),
(102, 181, 13761697, '2020-03-04'),
(102, 196, 98338171, '2019-04-06'),
(102, 197, 28946119, '2018-04-06'),
(102, 199, 23940455, '2021-05-02'),
(103, 1, 87001073, '2018-05-05'),
(103, 4, 34347486, '2018-04-06'),
(103, 7, 7512109, '2018-04-04'),
(103, 8, 53450409, '2018-04-08'),
(103, 11, 62494271, '2018-04-06'),
(103, 11, 3051322, '2020-04-05'),
(103, 12, 54042493, '2021-04-03'),
(103, 17, 85124296, '2018-04-08'),
(103, 21, 85780933, '2018-05-05'),
(103, 21, 38471342, '2019-04-03'),
(103, 21, 21678902, '2020-03-05'),
(103, 22, 12795575, '2018-05-01'),
(103, 28, 10996491, '2020-04-03'),
(103, 30, 82857463, '2018-03-02'),
(103, 31, 88029029, '2018-03-07'),
(103, 33, 87846925, '2019-05-08'),
(103, 41, 99324806, '2020-05-01'),
(103, 41, 8565837, '2021-05-07'),
(103, 45, 35407415, '2018-04-03'),
(103, 46, 80801471, '2019-05-06'),
(103, 47, 40521141, '2018-03-03'),
(103, 48, 58821863, '2019-04-09'),
(103, 57, 58700478, '2020-04-06'),
(103, 59, 96581, '2020-03-06'),
(103, 61, 1358191, '2018-04-01'),
(103, 64, 98742083, '2020-04-02'),
(103, 67, 15326378, '2020-05-05'),
(103, 69, 73248101, '2021-04-03'),
(103, 69, 15318586, '2021-04-07'),
(103, 74, 30669753, '2021-04-02'),
(103, 81, 39456777, '2020-03-05'),
(103, 83, 3682641, '2018-03-03'),
(103, 86, 36011424, '2019-04-03'),
(103, 91, 31239016, '2021-04-03'),
(103, 92, 56845450, '2020-03-04'),
(103, 94, 30486481, '2019-05-07'),
(103, 94, 1333354, '2021-03-04'),
(103, 106, 97972690, '2021-04-01'),
(103, 111, 85169089, '2020-03-08'),
(103, 112, 2586084, '2019-03-05'),
(103, 114, 73272110, '2021-04-08'),
(103, 117, 45789006, '2019-03-04'),
(103, 118, 64628235, '2021-04-03'),
(103, 119, 21674593, '2019-03-01'),
(103, 121, 30161466, '2020-04-06'),
(103, 122, 55669927, '2018-04-06'),
(103, 126, 51332952, '2019-04-06'),
(103, 127, 81565964, '2018-04-07'),
(103, 130, 5519117, '2018-03-06'),
(103, 143, 7962643, '2019-04-06'),
(103, 155, 26902176, '2019-04-08'),
(103, 162, 12226375, '2018-04-01'),
(103, 176, 79663218, '2021-03-03'),
(103, 182, 99025037, '2021-04-08'),
(103, 184, 14034693, '2019-04-06'),
(103, 185, 3602719, '2019-04-08'),
(103, 188, 97730445, '2020-04-08'),
(103, 190, 30526256, '2021-04-07'),
(103, 200, 66779051, '2018-05-02'),
(104, 9, 79684332, '2020-04-04'),
(104, 20, 64152526, '2019-03-09'),
(104, 22, 49189649, '2018-04-06'),
(104, 26, 26682692, '2020-05-03'),
(104, 51, 5363647, '2018-04-05'),
(104, 64, 81508896, '2019-04-06'),
(104, 65, 86651849, '2020-04-07'),
(104, 75, 42694804, '2021-04-08'),
(104, 76, 59975867, '2019-04-03'),
(104, 79, 25880701, '2018-05-01'),
(104, 81, 81110208, '2019-04-05'),
(104, 81, 94149091, '2021-04-01'),
(104, 88, 11038557, '2020-03-05'),
(104, 88, 42257789, '2020-04-03'),
(104, 90, 39161068, '2018-03-05'),
(104, 92, 15316377, '2021-03-06'),
(104, 93, 80019729, '2018-05-01'),
(104, 93, 27409473, '2019-04-05'),
(104, 100, 20820174, '2019-03-09'),
(104, 104, 11354124, '2019-05-06'),
(104, 109, 15417473, '2019-04-06'),
(104, 112, 49425725, '2020-04-06'),
(104, 132, 38658464, '2018-04-03'),
(104, 146, 75316091, '2019-03-05'),
(104, 147, 17441076, '2020-05-09'),
(104, 148, 34393528, '2018-03-04'),
(104, 154, 5792581, '2021-04-04'),
(104, 155, 78443661, '2018-03-02'),
(104, 155, 54647095, '2018-04-06'),
(104, 156, 19828180, '2021-03-02'),
(104, 158, 78566021, '2018-04-05'),
(104, 175, 86591984, '2018-04-08'),
(104, 178, 68408176, '2021-04-08'),
(104, 183, 56102492, '2020-05-06'),
(104, 186, 88428198, '2020-03-02'),
(105, 3, 53859777, '2021-04-01'),
(105, 4, 38868916, '2020-04-03'),
(105, 11, 86455715, '2019-03-09'),
(105, 13, 38314440, '2019-04-05'),
(105, 15, 12492554, '2018-03-01'),
(105, 16, 23616153, '2020-05-02'),
(105, 22, 35772421, '2020-05-07'),
(105, 24, 24761899, '2021-05-08'),
(105, 28, 48632718, '2019-04-09'),
(105, 39, 82730622, '2018-05-09'),
(105, 45, 77192562, '2020-04-02'),
(105, 47, 99227325, '2018-04-02'),
(105, 52, 34806550, '2020-04-05'),
(105, 53, 52563121, '2021-05-04'),
(105, 57, 24602665, '2021-04-01'),
(105, 66, 16191673, '2018-04-05'),
(105, 66, 35529347, '2021-05-01'),
(105, 72, 14050043, '2019-04-08'),
(105, 79, 37549659, '2018-03-09'),
(105, 79, 16351724, '2019-04-06'),
(105, 80, 16877926, '2019-03-08'),
(105, 89, 79765714, '2018-05-04'),
(105, 96, 40632310, '2021-03-05'),
(105, 96, 69077051, '2021-04-08'),
(105, 97, 16124780, '2018-05-08'),
(105, 98, 51574841, '2020-03-07'),
(105, 104, 11138381, '2020-04-05'),
(105, 108, 34842253, '2019-03-03'),
(105, 113, 89012022, '2018-03-05'),
(105, 115, 74315771, '2020-04-06'),
(105, 125, 40389860, '2018-03-07'),
(105, 139, 55266557, '2018-04-02'),
(105, 142, 59743524, '2021-03-03'),
(105, 144, 21617375, '2019-04-08'),
(105, 149, 22815793, '2020-03-06'),
(105, 150, 29816609, '2021-04-02'),
(105, 158, 26981179, '2020-03-07'),
(105, 163, 98512563, '2020-04-07'),
(105, 167, 23053308, '2021-03-07'),
(105, 170, 71004327, '2021-04-05'),
(105, 172, 70872206, '2020-04-05'),
(105, 174, 67739032, '2018-03-04'),
(105, 174, 7430951, '2019-03-07'),
(105, 177, 83193726, '2020-04-08'),
(105, 183, 59496911, '2019-03-01'),
(105, 194, 98581323, '2018-04-09'),
(105, 196, 81039571, '2019-03-08'),
(105, 198, 31919999, '2020-04-02'),
(106, 4, 48370790, '2018-04-04'),
(106, 4, 76464096, '2020-03-05'),
(106, 4, 13092606, '2021-05-08'),
(106, 6, 48835702, '2018-05-03'),
(106, 13, 66382944, '2018-04-05'),
(106, 18, 22105526, '2021-03-04'),
(106, 23, 69191841, '2018-03-05'),
(106, 23, 55183665, '2021-05-09'),
(106, 31, 34512142, '2019-04-08'),
(106, 35, 73252647, '2020-04-02'),
(106, 36, 63914245, '2021-03-04'),
(106, 39, 53148981, '2019-04-05'),
(106, 44, 42635170, '2020-04-06'),
(106, 46, 62969638, '2020-03-03'),
(106, 47, 7215521, '2021-03-02'),
(106, 48, 95102191, '2018-03-08'),
(106, 48, 58519239, '2020-04-07'),
(106, 54, 58458523, '2021-04-07'),
(106, 59, 78144833, '2021-04-05'),
(106, 60, 22990657, '2020-03-06'),
(106, 69, 3276379, '2019-03-07'),
(106, 69, 5674714, '2019-05-08'),
(106, 75, 38985723, '2018-05-02'),
(106, 79, 41397062, '2020-03-06'),
(106, 80, 79965881, '2019-03-05'),
(106, 90, 32653054, '2018-03-04'),
(106, 105, 98587693, '2018-03-05'),
(106, 108, 6897945, '2020-03-08'),
(106, 110, 32066407, '2020-03-02'),
(106, 112, 8129378, '2020-03-04'),
(106, 115, 90726912, '2019-05-09'),
(106, 120, 43775246, '2020-04-05'),
(106, 124, 29926679, '2019-03-07'),
(106, 133, 81904087, '2019-04-03'),
(106, 133, 93814836, '2021-04-07'),
(106, 136, 51064135, '2020-05-05'),
(106, 141, 39768031, '2021-05-06'),
(106, 142, 17866037, '2019-03-04'),
(106, 148, 85712404, '2018-05-02'),
(106, 154, 3795319, '2019-05-04'),
(106, 155, 87035578, '2020-05-05'),
(106, 164, 67273695, '2021-03-03'),
(106, 165, 54529472, '2018-03-08'),
(106, 165, 29203699, '2018-05-02'),
(106, 170, 64747045, '2020-05-03'),
(106, 180, 29083037, '2018-04-03'),
(106, 180, 92660940, '2021-04-04'),
(106, 186, 49543683, '2018-04-02'),
(106, 187, 8019179, '2021-04-06'),
(106, 195, 52641708, '2019-05-05'),
(106, 196, 89968318, '2018-05-08'),
(106, 199, 74008153, '2018-04-07'),
(107, 1, 1612620, '2021-04-07'),
(107, 11, 46795273, '2019-04-04'),
(107, 12, 20640839, '2021-03-07'),
(107, 20, 12828738, '2019-04-01'),
(107, 21, 23262564, '2019-03-07'),
(107, 23, 45581260, '2021-03-06'),
(107, 30, 4729343, '2020-05-02'),
(107, 32, 58294681, '2019-03-02'),
(107, 32, 96847023, '2021-05-03'),
(107, 34, 90529485, '2021-04-02'),
(107, 40, 51619393, '2020-04-02'),
(107, 40, 85491488, '2020-04-07'),
(107, 42, 52671666, '2018-03-03'),
(107, 42, 90394174, '2019-04-03'),
(107, 44, 95049841, '2021-03-08'),
(107, 45, 92371933, '2019-04-04'),
(107, 51, 9735077, '2018-04-01'),
(107, 51, 22726714, '2019-03-05'),
(107, 52, 7362216, '2018-04-05'),
(107, 52, 98659643, '2019-04-05'),
(107, 65, 6072266, '2019-04-07'),
(107, 71, 35805091, '2020-03-05'),
(107, 73, 70346136, '2019-04-02'),
(107, 73, 90034539, '2021-04-07'),
(107, 84, 18799232, '2020-05-05'),
(107, 89, 71302506, '2020-05-03'),
(107, 94, 28246173, '2020-03-03'),
(107, 100, 90585182, '2018-04-07'),
(107, 100, 10175596, '2019-04-01'),
(107, 110, 59741769, '2018-04-09'),
(107, 112, 3878423, '2021-04-03'),
(107, 113, 94958327, '2019-04-02'),
(107, 117, 49538286, '2021-04-03'),
(107, 117, 26585594, '2021-04-09'),
(107, 118, 55950206, '2021-05-09'),
(107, 123, 32092227, '2021-04-04'),
(107, 124, 3585413, '2019-03-07'),
(107, 126, 11197302, '2018-04-06'),
(107, 141, 3918195, '2018-05-06'),
(107, 148, 37405274, '2019-05-02'),
(107, 151, 46536138, '2021-04-06'),
(107, 152, 88393097, '2019-05-02'),
(107, 156, 14685147, '2018-04-03'),
(107, 158, 23600586, '2020-03-03'),
(107, 158, 78934239, '2021-04-07'),
(107, 159, 73114693, '2019-03-08'),
(107, 163, 45630599, '2019-03-01'),
(107, 164, 28505059, '2019-04-09'),
(107, 168, 24890922, '2018-04-08'),
(107, 173, 55209271, '2019-05-01'),
(107, 180, 68071946, '2019-05-03'),
(107, 189, 15628413, '2019-04-03'),
(107, 195, 34252439, '2020-03-08'),
(107, 197, 22042364, '2018-03-05'),
(108, 2, 90144762, '2020-04-02'),
(108, 5, 74029771, '2019-05-02'),
(108, 6, 46031019, '2019-03-09'),
(108, 24, 52690448, '2019-03-06'),
(108, 27, 17433951, '2018-05-02'),
(108, 30, 82266693, '2021-03-05'),
(108, 33, 78892386, '2020-04-08'),
(108, 41, 19165772, '2018-04-04'),
(108, 53, 7602147, '2018-04-01'),
(108, 56, 35414718, '2018-03-04'),
(108, 62, 88440715, '2020-05-05'),
(108, 65, 99736323, '2020-04-05'),
(108, 78, 35525009, '2018-03-07'),
(108, 85, 62951884, '2018-05-07'),
(108, 93, 94132781, '2018-04-09'),
(108, 94, 99368664, '2020-04-01'),
(108, 104, 39340897, '2021-05-06'),
(108, 111, 80612581, '2020-03-05'),
(108, 115, 35025206, '2018-03-01'),
(108, 121, 56181391, '2019-03-08'),
(108, 121, 93041266, '2020-03-07'),
(108, 127, 67377035, '2018-04-08'),
(108, 128, 15651814, '2019-03-09'),
(108, 129, 67791002, '2021-04-01'),
(108, 132, 57175350, '2018-05-09'),
(108, 132, 60140289, '2019-05-03'),
(108, 137, 49878742, '2020-03-06'),
(108, 143, 84662259, '2019-03-06'),
(108, 148, 94964400, '2019-03-01'),
(108, 148, 65467573, '2019-04-08'),
(108, 154, 36573, '2021-03-05'),
(108, 156, 58860666, '2021-04-06'),
(108, 163, 34529328, '2021-04-03'),
(108, 168, 64138338, '2021-04-05'),
(108, 173, 75103018, '2019-04-08'),
(108, 173, 16418663, '2021-04-05'),
(108, 174, 35425391, '2018-03-08'),
(108, 176, 17798499, '2019-03-01'),
(108, 180, 98278866, '2021-03-09'),
(108, 184, 47784838, '2020-05-05'),
(108, 184, 17821057, '2021-04-06'),
(108, 192, 59974891, '2020-04-04'),
(108, 196, 10848088, '2018-03-03'),
(109, 4, 28233467, '2021-03-08'),
(109, 8, 90593739, '2021-04-08'),
(109, 15, 59104547, '2019-03-09'),
(109, 26, 78794937, '2021-04-08'),
(109, 30, 56723213, '2019-05-05'),
(109, 31, 68899538, '2021-03-05'),
(109, 32, 35238879, '2018-04-09'),
(109, 49, 30752194, '2018-05-08'),
(109, 50, 1525765, '2019-04-06'),
(109, 50, 27621759, '2021-04-06'),
(109, 54, 9336149, '2018-03-04'),
(109, 55, 65568568, '2021-04-02'),
(109, 59, 57417006, '2019-04-08'),
(109, 66, 5062722, '2019-05-03'),
(109, 68, 79186822, '2021-04-06'),
(109, 69, 17555606, '2021-04-07'),
(109, 70, 81047935, '2020-04-08'),
(109, 73, 47598454, '2018-05-02'),
(109, 73, 40828509, '2018-05-03'),
(109, 77, 24922895, '2020-03-07'),
(109, 78, 25311429, '2019-04-08'),
(109, 81, 96948217, '2018-04-07'),
(109, 85, 15282969, '2019-04-05'),
(109, 88, 2119865, '2020-04-09'),
(109, 96, 32337940, '2018-03-07'),
(109, 99, 97705650, '2019-04-07'),
(109, 105, 49158108, '2021-05-08'),
(109, 109, 64732708, '2018-04-08'),
(109, 111, 30753307, '2019-04-03'),
(109, 113, 59199897, '2021-03-08'),
(109, 114, 81079356, '2018-03-04'),
(109, 132, 3602565, '2019-03-07'),
(109, 135, 56341069, '2018-04-03'),
(109, 138, 2863839, '2021-03-04'),
(109, 141, 39157589, '2018-04-05'),
(109, 142, 15987553, '2018-05-01'),
(109, 142, 74914939, '2018-05-07'),
(109, 147, 43634731, '2021-03-07'),
(109, 149, 32731794, '2019-03-03'),
(109, 152, 24920528, '2018-05-08'),
(109, 152, 24058126, '2021-04-05'),
(109, 155, 94293511, '2019-04-03'),
(109, 155, 14286540, '2021-05-03'),
(109, 160, 90995374, '2020-04-04'),
(109, 163, 64071425, '2021-05-01'),
(109, 165, 77122440, '2020-04-04'),
(109, 168, 9128621, '2020-03-05'),
(109, 173, 91561555, '2018-04-04'),
(109, 179, 57957084, '2019-04-02'),
(109, 179, 38541747, '2019-04-04'),
(109, 195, 95125280, '2019-03-09'),
(109, 195, 51884798, '2020-05-03'),
(109, 196, 22395940, '2021-03-01'),
(109, 199, 26681595, '2021-04-05');

-- --------------------------------------------------------

--
-- Table structure for table `renters`
--

CREATE TABLE `renters` (
  `renter_id` int(11) NOT NULL,
  `owner_id` int(10) UNSIGNED NOT NULL,
  `name` varchar(100) NOT NULL,
  `email` char(32) NOT NULL,
  `phone_num` varchar(16) DEFAULT NULL,
  `pmt_stat` tinyint(1) DEFAULT 0
) ENGINE=InnoDB DEFAULT CHARSET=utf8mb4;

--
-- Dumping data for table `renters`
--

INSERT INTO `renters` (`renter_id`, `owner_id`, `name`, `email`, `phone_num`, `pmt_stat`) VALUES
(1, 107, 'Latoya Spencer', 'oupo@jckdw.bd', '886-067-8707', 1),
(2, 101, 'Casey Leonard', 'dmom@kcxs.bd', '416-245-4437', 0),
(3, 104, 'Lakeisha Montes', 'ojjdc@jlgc.com', NULL, 0),
(4, 104, 'Colleen Proctor', 'lnos@hxvxx.com', '142-895-1543', 0),
(5, 102, 'Alice Velazquez', 'fbkp@reghchhy.org', '373-661-5668', 0),
(6, 100, 'Bernard Wilkins', 'kdibib@jvjv.bd', '383-434-0941', 1),
(7, 103, 'Howard Randall', 'vlpj@qdgvvg.org', '536-327-7040', 0),
(8, 106, 'Hector Dickson', 'ddthfjh@dpor.org', '827-431-7863', 1),
(9, 109, 'Vernon Rodgers', 'dlrucc@blnc.org', '256-163-8776', 1),
(10, 107, 'Mike Finley', 'okcuo@xtbw.org', '796-688-3863', 0),
(11, 100, 'Marissa Escobar', 'ctws@fzuy.bd', '481-096-5576', 0),
(12, 101, 'Ruby Robinson', 'pjszt@kkxhh.com', '172-195-7848', 0),
(13, 109, 'Joni Larsen', 'sftwrz@idly.com', '727-010-7611', 1),
(14, 101, 'Duane Dickerson', 'xwcc@dqsfg.org', '413-279-5961', 0),
(15, 109, 'Harry Brennan', 'mwagu@jxwr.org', '325-997-9204', NULL),
(16, 105, 'Luz Bass', 'okndowb@oqlotgf.com', NULL, 1),
(17, 109, 'Salvatore Morse', 'oqyk@gscpa.org', '109-585-1315', 0),
(18, 109, 'Byron Boone', 'kyjj@posbgfnrj.org', '811-137-6542', 0),
(19, 109, 'Sammy Herring', 'mobmuq@trry.org', '446-932-8121', 0),
(20, 104, 'Anthony Martin', 'wcmti@vgtws.org', '958-222-6208', 0),
(21, 103, 'Sarah Huerta', 'tpoqjsgy@peby.com', '324-638-7157', 0),
(22, 109, 'Gavin Chapman', 'xljb@tpic.com', '148-456-3716', 1),
(23, 103, 'Candice Pacheco', 'ryjsw@qkkbz.com', '733-725-1884', 0),
(24, 101, 'Terrell Calderon', 'ngrnsif@xtly.org', '437-152-2262', 1),
(25, 102, 'Travis Patel', 'ntxi@kclt.org', '649-082-9286', 0),
(26, 103, 'Derek Mills', 'fzpol@nxew.org', '593-125-6388', 0),
(27, 105, 'Guy Mcgrath', 'qxfbxfmpsdv@jysogok.org', '517-137-2150', 0),
(28, 108, 'Kelley Huynh', 'tcvg@cnxh.org', '367-877-6287', 0),
(29, 101, 'Cara Lamb', 'uvbt@mgtpy.org', '238-187-8279', 0),
(30, 105, 'Charles Edwards', 'umse@lzsx.bd', '371-707-4445', 0),
(31, 107, 'Chris Holden', 'sqoo@tlmx.org', '222-494-2484', NULL),
(32, 105, 'Freddie Hutchinson', 'vwveu@ydpgo.com', '571-215-1386', 0),
(33, 106, 'Jennifer Edwards', 'kevqbq@sibq.org', '137-814-7767', 0),
(34, 100, 'Monte Reynolds', 'ihmh@kuexr.com', '616-171-2270', 0),
(35, 101, 'Jeremiah Horn', 'kixq@egmq.org', '732-455-0546', 0),
(36, 107, 'Cynthia Kirk', 'bpnjikt@vrgciw.org', '660-140-7751', 1),
(37, 103, 'Gilbert Velasquez', 'uhvml@goljk.org', '313-577-1980', 0),
(38, 106, 'Bethany Pittman', 'wcqn@kotkbu.org', NULL, 0),
(39, 101, 'Lonnie Mathis', 'pgru@qxnb.com', '957-196-4705', 1),
(40, 108, 'Terri Adams', 'tmex@zxnby.org', '188-146-7527', 0),
(41, 106, 'Candice Bray', 'uhab@wnsv.org', '539-113-5431', NULL),
(42, 104, 'Ashley Bender', 'wbjdj@kefc.org', '716-178-6386', 0),
(43, 108, 'Darrick Mack', 'nxoq@mgdk.com', '312-624-1627', 0),
(44, 100, 'Mindy Lucas', 'ifjck@uszh.bd', '167-526-1554', 0),
(45, 100, 'Jerome Evans', 'rzpmaaeucjb@gldez.bd', '303-153-5838', 0),
(46, 108, 'Craig Wells', 'ykpug@cxwo.org', '544-648-0347', 1),
(47, 105, 'Chanda Garza', 'kolcn@brvtf.com', '051-604-7271', 1),
(48, 100, 'Mickey Snyder', 'iguyuck@jhma.org', '141-444-3136', 0),
(49, 107, 'Brad Cross', 'darln@kjpsd.com', '098-673-6335', NULL),
(50, 107, 'Lillian Gomez', 'giidn@ycgryc.bd', '676-447-8196', 1),
(51, 101, 'Alexander Gonzales', 'blnyi@oebuv.org', '965-682-8789', 1),
(52, 102, 'Betsy Weber', 'npbf@tblr.org', NULL, 0),
(53, 104, 'Ann Lowe', 'pbohfwii@pgwngyd.org', '381-535-6552', 0),
(54, 100, 'Jeanette Allen', 'dvxaq@zuhvu.com', '752-252-5529', 1),
(55, 105, 'Tracie Strong', 'wtam@ivqjmkx.com', NULL, 0),
(56, 106, 'Esther Best', 'fkhv@luok.com', '173-969-1117', 1),
(57, 105, 'Joann Stanton', 'stsdksbfdtw@djvyyb.com', '873-428-1546', 0),
(58, 109, 'Jesse Vasquez', 'apdjx@fkuj.com', '088-237-8616', 0),
(59, 102, 'Marcos Daugherty', 'pjpq@aaabu.org', '927-856-7443', 0),
(60, 102, 'Kellie Davenport', 'lcrsxm@dwov.bd', '471-793-6922', 0),
(61, 106, 'Neil Briggs', 'zfbm@jysdj.org', '253-953-5281', 0),
(62, 101, 'Andre Beard', 'hfvp@ynxhe.org', '646-514-2143', 0),
(63, 101, 'Jenny Pacheco', 'znqgvdrf@lfcwwh.bd', '758-229-7844', 0),
(64, 100, 'Damien Sampson', 'ljaqta@hblg.com', '839-675-6481', 0),
(65, 100, 'Mandi Church', 'tatko@lksuqu.org', '774-330-8296', 0),
(66, 106, 'Alexander Robinson', 'nwwqp@befus.com', NULL, 0),
(67, 101, 'Misty Mullins', 'uege@qdao.org', '726-432-2036', 1),
(68, 104, 'Miguel Frey', 'oposv@qysc.com', '210-535-3368', 0),
(69, 101, 'Lauren Chen', 'cqhc@apqq.org', '813-635-1808', 0),
(70, 104, 'Jess Proctor', 'klxgxh@uqrkkew.org', '113-417-4462', 0),
(71, 105, 'Anna Trujillo', 'lodwng@orgme.org', NULL, 0),
(72, 101, 'Darin Charles', 'xeoomt@dufkjlbjre.com', '686-764-5677', 0),
(73, 109, 'Deanna Rubio', 'ljpkxbjn@cijlq.bd', '843-115-5669', 0),
(74, 101, 'Alex Lyons', 'edphkusbax@zneix.com', '749-339-8207', 0),
(75, 102, 'Kristy Andersen', 'vxew@osrvg.org', '021-373-2364', 1),
(76, 102, 'Dominic Conrad', 'qbbw@idyg.org', NULL, 0),
(77, 103, 'Kendall Wright', 'qajq@nyvm.org', '582-727-7968', 0),
(78, 108, 'Scottie Owen', 'owps@nflcogwoc.bd', '271-507-8445', 0),
(79, 102, 'Kenya Bender', 'nufvag@hgjtceaew.org', '644-357-2781', 0),
(80, 104, 'Deborah Swanson', 'zzktbid@ledub.org', '667-328-3425', 1),
(81, 104, 'Ross Floyd', 'qlfzmigc@perk.bd', '169-561-2164', 1),
(82, 109, 'Brandie Howell', 'kzsu@ysov.bd', '739-318-3744', 0),
(83, 102, 'Jon Wise', 'iggt@xvdt.com', '165-887-9513', 0),
(84, 105, 'Brandie Norton', 'gjsd@lxexb.com', NULL, 1),
(85, 108, 'Latonya Lynn', 'senols@dliiy.bd', '728-557-6862', 0),
(86, 103, 'Saul Carrillo', 'bhpv@idlzq.org', NULL, 0),
(87, 100, 'Kenny Barajas', 'vkyc@rjglr.bd', '453-673-1533', NULL),
(88, 102, 'Aimee Campos', 'oonntun@gqyq.bd', NULL, 0),
(89, 105, 'Melissa Mcclain', 'fneo@mymy.org', '406-135-4163', 0),
(90, 101, 'Jocelyn Washington', 'mwyez@ldhp.com', '608-456-2227', 0),
(91, 106, 'Claude Lynch', 'tsxzw@vzua.com', '013-643-4064', 1),
(92, 102, 'Vicki Ward', 'lcqn@llpwvdrf.org', '773-996-2185', 0),
(93, 101, 'Penny Bolton', 'fzjt@kupkxcdg.bd', '866-502-8487', 0),
(94, 109, 'Yolanda Frost', 'qlfhev@esup.com', '861-858-9117', 0),
(95, 106, 'Bobbie Hickman', 'erim@fjji.com', '959-460-2195', 0),
(96, 105, 'Dylan Edwards', 'jdqm@mljfbtf.com', '883-686-0871', 0),
(97, 109, 'Mandy Huber', 'tqsgvz@piqyv.com', '433-182-5415', 0),
(98, 109, 'Andres Woodward', 'kphn@snrvt.com', '988-577-0174', 0),
(99, 102, 'Lynn Charles', 'bglhdd@hltm.com', '320-443-4150', 1),
(100, 102, 'Kelvin Ryan', 'hqrxr@owzos.bd', '872-677-0447', 1),
(101, 103, 'Christi Estes', 'dedod@ugvyj.com', '248-241-3749', 1),
(102, 103, 'Preston James', 'soupuqo@vweomu.org', '584-042-3467', 0),
(103, 104, 'Xavier Vega', 'pvop@akem.com', '578-744-1659', 0),
(104, 108, 'Tammy Mc Gee', 'txens@gylcvw.org', '874-832-3156', 1),
(105, 103, 'Sheri Gray', 'ndur@cxxevtu.bd', '467-134-2281', 1),
(106, 102, 'Bradley Simpson', 'jfck@imfz.org', '588-546-4334', 0),
(107, 104, 'Cedric Simpson', 'bpun@ogyro.org', '508-577-5308', 1),
(108, 100, 'Greg Sanchez', 'iivhqm@nlpuc.bd', '522-355-3856', 0),
(109, 105, 'Luke Huffman', 'ruwz@tiprx.org', '831-822-6529', 0),
(110, 101, 'Shanna Harrison', 'bvbj@pgdad.org', '326-451-3543', 0),
(111, 109, 'Elena Munoz', 'sjfq@wzzg.bd', '742-574-7328', 1),
(112, 106, 'Margarita Ferrell', 'yhsphm@cgood.org', '306-662-6637', 0),
(113, 106, 'Manuel Olson', 'suodd@kwmib.org', '215-194-5226', 0),
(114, 102, 'Russell Lester', 'ctrrb@xvnkdbswq.org', '052-271-1776', 0),
(115, 109, 'Crystal Griffin', 'tviljfvjn@mmwk.com', '664-688-8234', 0),
(116, 103, 'Alice Ewing', 'trqv@spce.com', '992-378-2838', 1),
(117, 105, 'Chasity Chavez', 'bddqeq@tubi.org', NULL, 1),
(118, 102, 'Bethany Bennett', 'kvubw@vhgi.com', '462-627-3351', 0),
(119, 104, 'Marianne Meyer', 'mcjv@cqymhe.com', '890-488-8816', 0),
(120, 101, 'Blanca Moyer', 'petkns@nrejaq.bd', '377-335-4960', 0),
(121, 104, 'Devon Clayton', 'tcxa@kjlk.org', '526-345-5459', 0),
(122, 101, 'Alvin Diaz', 'gsmv@pwup.com', '254-713-9325', 0),
(123, 103, 'Jessie Griffin', 'xmjiu@ybcef.org', '683-612-6164', 0),
(124, 105, 'Jeanette Chung', 'rduv@orqzogzj.org', '616-550-6672', 0),
(125, 107, 'Trenton Small', 'gzdn@jycjb.org', NULL, NULL),
(126, 104, 'Billie Sanford', 'cmpfk@zfbx.com', '214-876-2917', NULL),
(127, 109, 'Darin Hull', 'snnwqh@bgtaoo.com', NULL, 0),
(128, 100, 'Dale Kirby', 'ivqo@movwchur.bd', '281-814-4312', 0),
(129, 102, 'Rachel Valdez', 'fwne@cfgp.org', '834-072-3351', 0),
(130, 103, 'Kim Frazier', 'ibid@wjtt.bd', '941-292-8585', 0),
(131, 101, 'Carlton Macias', 'gmrr@gsmcl.org', '781-642-5845', 0),
(132, 102, 'Jeffrey Berger', 'jgbtnglcbhsswx@vjsq.org', '541-821-2328', 0),
(133, 105, 'Rita Beard', 'xltz@iykrm.bd', '432-422-3738', 1),
(134, 108, 'Samantha Daniels', 'hmpgd@gkzcmvd.org', '000-636-5787', NULL),
(135, 105, 'Marcia Nielsen', 'hruwmrrvq@puseg.bd', '175-369-3887', 0),
(136, 101, 'Harold Huynh', 'jvsf@zrvm.org', '067-825-3286', 0),
(137, 105, 'Tyler Bautista', 'wiwbwm@hhzczmpsw.org', '545-903-8178', 1),
(138, 105, 'Maureen Lewis', 'nlbtq@rbhqx.org', '673-150-5106', 0),
(139, 107, 'Grace Arnold', 'cbje@cibkf.org', '112-852-3402', 0),
(140, 105, 'Marci Clayton', 'xvhn@mvee.bd', '189-562-0436', 0),
(141, 106, 'Kisha Hernandez', 'kdnm@yxsde.bd', '611-598-5748', 0),
(142, 103, 'Ashley Vaughn', 'hzmxi@xdml.org', '331-719-3944', 0),
(143, 102, 'Sherri Chase', 'ooylc@ryxqjn.org', '833-735-9386', 0),
(144, 104, 'Dorothy Tanner', 'zfmz@qfbsa.bd', '056-531-9164', 0),
(145, 102, 'Tony Mendoza', 'sesl@qygu.org', '894-285-6768', 0),
(146, 106, 'Jacob Barton', 'itst@ddhh.com', '633-173-7468', 0),
(147, 107, 'Oliver Hawkins', 'enyog@bthq.org', '681-621-4142', NULL),
(148, 101, 'Diana Vaughan', 'hfqnqn@iovx.com', '210-665-2136', 0),
(149, 102, 'Jamal Pham', 'alog@oizqsi.org', '540-008-6284', 0),
(150, 106, 'Teri Hodge', 'nspevqh@inikjo.com', '573-966-5282', 0),
(151, 109, 'Tamika Pollard', 'clns@dosa.com', '734-662-4260', 0),
(152, 109, 'Johanna Avila', 'xhoo@zreof.com', '561-515-8376', 0),
(153, 108, 'Tameka Pittman', 'qzvf@mazewy.com', '821-577-1180', 1),
(154, 107, 'Darnell Martin', 'tivqjuqx@zvwe.com', '657-826-5338', 0),
(155, 108, 'Chasity Mc Neil', 'tpte@cvefp.org', '425-862-7054', 0),
(156, 100, 'Cassandra Michael', 'csrfj@kmrhifw.com', '178-757-8206', 0),
(157, 101, 'Joey Charles', 'vbue@iadhw.bd', '182-139-1601', 0),
(158, 104, 'Sonya Barnett', 'qousbo@hsifu.bd', '422-512-6881', 0),
(159, 106, 'Leslie Tran', 'cdwd@xmvtedftew.com', NULL, 0),
(160, 103, 'Shannon Farrell', 'otfon@iastp.com', '543-021-6617', 1),
(161, 100, 'Claude Avila', 'zlbohnbavirs@zyxb.org', '420-780-2662', 0),
(162, 106, 'Candice Dickson', 'wuwdb@rmgdy.org', '747-800-6292', 1),
(163, 106, 'Danielle Griffin', 'gbuaksu@qsjf.com', '427-324-7524', NULL),
(164, 103, 'Cecilia Mosley', 'erudh@yomxlzpt.org', '519-898-8506', 0),
(165, 102, 'Heather Murphy', 'mmlungfbbpbxeod@tmsaf.org', '196-762-8543', 1),
(166, 109, 'Marla Black', 'ubcs@vwsg.bd', NULL, 0),
(167, 108, 'Sharon Flores', 'xewm@uair.org', '639-215-8169', 1),
(168, 103, 'Marcia Vang', 'givmpv@kqbb.org', '364-724-6741', 1),
(169, 107, 'Whitney Hopkins', 'qrphfq@yuqu.org', '218-069-3142', 0),
(170, 108, 'Vincent Berg', 'haki@scmvfg.bd', '427-521-7415', 0),
(171, 107, 'Keisha Lara', 'wfrj@msrr.com', '064-533-8722', 0),
(172, 104, 'Joanna Baker', 'kkcsihw@nhqqm.org', '260-748-0827', 0),
(173, 105, 'Moses Flowers', 'nkgmo@lrse.org', '264-842-0061', 0),
(174, 100, 'Tammy Case', 'txdhqwhs@udjhi.bd', '805-853-2229', 0),
(175, 109, 'Bradley Pacheco', 'nohf@whkxi.bd', '868-805-2687', 0),
(176, 101, 'Dante Olson', 'jgpr@esozmn.org', '478-674-5275', 0),
(177, 101, 'Chris Ramsey', 'vzqn@fgsh.org', '623-613-4474', 0),
(178, 105, 'Rick Spence', 'jwek@jqmxp.org', '675-110-7848', 0),
(179, 107, 'Tyson Cantrell', 'exogx@aagn.org', '281-672-9827', 0),
(180, 109, 'Grant Gentry', 'wxqxi@fipjfcy.com', '816-323-1544', 0),
(181, 108, 'Karrie Bass', 'jimu@ybsm.com', '318-434-7185', 0),
(182, 105, 'Armando Matthews', 'obgeqh@yrlv.org', NULL, 1),
(183, 101, 'Leon Steele', 'mkhpbyar@hcius.org', '337-234-2625', 0),
(184, 106, 'Wayne Pace', 'nurpq@suol.org', '788-707-3267', 0),
(185, 106, 'Patricia Wade', 'vots@macc.org', '423-622-6488', 1),
(186, 107, 'Cassie Atkinson', 'xcwg@plmp.org', '432-633-4476', 0),
(187, 104, 'Latisha Herrera', 'bwxi@jpey.com', '679-560-5275', 0),
(188, 102, 'Emma Espinoza', 'svcwsddj@iqkp.org', '330-386-3644', 1),
(189, 100, 'Latanya Bean', 'uxbuyq@euma.bd', '350-498-2380', NULL),
(190, 100, 'Vicki Bates', 'tyqas@fonu.bd', '671-305-5654', 0),
(191, 106, 'Bryce Cantrell', 'hrtg@vwfgi.org', '123-344-8086', 1),
(192, 105, 'William Hood', 'rvta@qfwf.org', '054-685-3145', 0),
(193, 100, 'Katie Crawford', 'terjh@bnrt.org', '105-371-3546', 0),
(194, 102, 'Dorothy Odom', 'sbls@iyiw.org', NULL, 0),
(195, 105, 'Nicolas Odom', 'hxtrb@kbms.org', '781-465-1835', 0),
(196, 105, 'Rickey Castillo', 'hqsard@gynv.com', '051-262-2005', 0),
(197, 100, 'Chad Blackwell', 'mwrp@pxmo.bd', '573-440-9349', 0),
(198, 102, 'Lori Duncan', 'uxtby@fmhdhg.org', '458-520-9772', 0),
(199, 100, 'Darryl Ayala', 'iqmo@ddmj.com', '523-851-8956', 1),
(200, 102, 'Clinton Malone', 'ythlr@nlvv.org', '312-475-1121', 0);

-- --------------------------------------------------------

--
-- Table structure for table `supervison`
--

CREATE TABLE `supervison` (
  `superuser` char(32) NOT NULL,
  `owner_id` int(10) UNSIGNED NOT NULL
) ENGINE=InnoDB DEFAULT CHARSET=utf8mb4;

--
-- Dumping data for table `supervison`
--

INSERT INTO `supervison` (`superuser`, `owner_id`) VALUES
('togh@yrwzoaksz.com', 100),
('togh@yrwzoaksz.com', 101),
('togh@yrwzoaksz.com', 104),
('togh@yrwzoaksz.com', 109),
('ypidu@pzbe.com', 101),
('ypidu@pzbe.com', 102),
('ypidu@pzbe.com', 103),
('ypidu@pzbe.com', 104),
('ypidu@pzbe.com', 107),
('ypidu@pzbe.com', 109);

--
-- Indexes for dumped tables
--

--
-- Indexes for table `admin`
--
ALTER TABLE `admin`
  ADD PRIMARY KEY (`superuser`);

--
-- Indexes for table `flats`
--
ALTER TABLE `flats`
  ADD PRIMARY KEY (`flat_no`,`owner_id`),
  ADD KEY `fk_flats_house_owner` (`owner_id`);

--
-- Indexes for table `house_owner`
--
ALTER TABLE `house_owner`
  ADD PRIMARY KEY (`owner_id`);

--
-- Indexes for table `lives_in`
--
ALTER TABLE `lives_in`
  ADD PRIMARY KEY (`flat_no`),
  ADD KEY `fk_lives_in_renters` (`renter_id`);

--
-- Indexes for table `payment`
--
ALTER TABLE `payment`
  ADD PRIMARY KEY (`owner_id`,`renter_id`,`pmt_date`),
  ADD KEY `fk_payment_renters` (`renter_id`);

--
-- Indexes for table `renters`
--
ALTER TABLE `renters`
  ADD PRIMARY KEY (`renter_id`),
  ADD KEY `fk_renters_house_owner` (`owner_id`);

--
-- Indexes for table `supervison`
--
ALTER TABLE `supervison`
  ADD PRIMARY KEY (`superuser`,`owner_id`),
  ADD KEY `fk_supervison_supervison` (`owner_id`);

--
-- AUTO_INCREMENT for dumped tables
--

--
-- AUTO_INCREMENT for table `flats`
--
ALTER TABLE `flats`
  MODIFY `flat_no` int(11) NOT NULL AUTO_INCREMENT, AUTO_INCREMENT=510;

--
-- AUTO_INCREMENT for table `house_owner`
--
ALTER TABLE `house_owner`
  MODIFY `owner_id` int(10) UNSIGNED NOT NULL AUTO_INCREMENT, AUTO_INCREMENT=113;

--
-- AUTO_INCREMENT for table `renters`
--
ALTER TABLE `renters`
  MODIFY `renter_id` int(11) NOT NULL AUTO_INCREMENT, AUTO_INCREMENT=201;

--
-- Constraints for dumped tables
--

--
-- Constraints for table `flats`
--
ALTER TABLE `flats`
  ADD CONSTRAINT `fk_flats_house_owner` FOREIGN KEY (`owner_id`) REFERENCES `house_owner` (`owner_id`) ON DELETE CASCADE ON UPDATE CASCADE;

--
-- Constraints for table `lives_in`
--
ALTER TABLE `lives_in`
  ADD CONSTRAINT `fk_lives_in_flats` FOREIGN KEY (`flat_no`) REFERENCES `flats` (`flat_no`) ON DELETE CASCADE ON UPDATE CASCADE,
  ADD CONSTRAINT `fk_lives_in_renters` FOREIGN KEY (`renter_id`) REFERENCES `renters` (`renter_id`) ON DELETE SET NULL ON UPDATE CASCADE;

--
-- Constraints for table `payment`
--
ALTER TABLE `payment`
  ADD CONSTRAINT `fk_payment_house_owner` FOREIGN KEY (`owner_id`) REFERENCES `house_owner` (`owner_id`) ON DELETE CASCADE ON UPDATE CASCADE,
  ADD CONSTRAINT `fk_payment_renters` FOREIGN KEY (`renter_id`) REFERENCES `renters` (`renter_id`) ON DELETE CASCADE ON UPDATE CASCADE;

--
-- Constraints for table `renters`
--
ALTER TABLE `renters`
  ADD CONSTRAINT `fk_renters_house_owner` FOREIGN KEY (`owner_id`) REFERENCES `house_owner` (`owner_id`) ON DELETE CASCADE ON UPDATE CASCADE;

--
-- Constraints for table `supervison`
--
ALTER TABLE `supervison`
  ADD CONSTRAINT `fk_supervison_admin` FOREIGN KEY (`superuser`) REFERENCES `admin` (`superuser`) ON DELETE CASCADE ON UPDATE CASCADE,
  ADD CONSTRAINT `fk_supervison_supervison` FOREIGN KEY (`owner_id`) REFERENCES `house_owner` (`owner_id`) ON DELETE CASCADE ON UPDATE CASCADE;
COMMIT;

/*!40101 SET CHARACTER_SET_CLIENT=@OLD_CHARACTER_SET_CLIENT */;
/*!40101 SET CHARACTER_SET_RESULTS=@OLD_CHARACTER_SET_RESULTS */;
/*!40101 SET COLLATION_CONNECTION=@OLD_COLLATION_CONNECTION */;
